Category,Water_(g),Energ_Kcal,Protein_(g),Lipid_Tot_(g),Carbohydrt_(g),Fiber_TD_(g),Sugar_Tot_(g),Calcium_(mg),Iron_(mg),Magnesium_(mg),Phosphorus_(mg),Potassium_(mg),Sodium_(mg),Zinc_(mg),Copper_mg),FA_Sat_(g),FA_Mono_(g),FA_Poly_(g),Cholestrl_(mg),food_items
Alcohol and Beverages,76.39544444444445,101.10555555555555,2.2759444444444443,0.8873055555555556,16.9305,0.7494444444444445,10.529416666666666,63.59444444444444,0.8692777777777778,27.741666666666667,79.975,230.74305555555554,68.16944444444445,0.7118333333333333,0.10031388888888888,0.6765361111111111,0.6239277777777777,0.24629722222222222,2.2222222222222223,"[14003, 14004, 14005, 14006, 14007, 14009, 14010, 14013, 14015, 14016, 14017, 14019, 14021, 14022, 14024, 14025, 14026, 14027, 14028, 14029, 14030, 14031, 14033, 14034, 14035, 14036, 14037, 14038, 14041, 14044, 14045, 14047, 14048, 14049, 14050, 14051, 14052, 14054, 14055, 14056, 14057, 14058, 14059, 14060, 14061, 14062, 14063, 14064, 14065, 14066, 14067, 14068, 14073, 14074, 14075, 14076, 14079, 14080, 14082, 14083, 14084, 14086, 14087, 14088, 14090, 14091, 14092, 14093, 14095, 14096, 14097, 14098, 14099, 14100, 14101, 14102, 14103, 14105, 14106, 14107, 14108, 14109, 14113, 14116, 14117, 14119, 14120, 14121, 14124, 14125, 14126, 14130, 14132, 14134, 14135, 14136, 14137, 14138, 14140, 14142, 14143, 14144, 14145, 14146, 14147, 14148, 14149, 14150, 14151, 14152, 14153, 14154, 14155, 14156, 14157, 14158, 14159, 14160, 14161, 14162, 14163, 14164, 14165, 14166, 14167, 14168, 14169, 14171, 14173, 14174, 14177, 14179, 14180, 14181, 14182, 14183, 14185, 14187, 14188, 14189, 14190, 14191, 14192, 14194, 14195, 14196, 14197, 14199, 14201, 14202, 14203, 14204, 14206, 14207, 14209, 14210, 14211, 14214, 14215, 14216, 14217, 14218, 14219, 14220, 14221, 14222, 14223, 14224, 14226, 14227, 14231, 14233, 14234, 14235, 14236, 14237, 14238, 14239, 14240, 14241, 14242, 14243, 14245, 14246, 14247, 14248, 14250, 14251, 14252, 14253, 14255, 14256, 14257, 14258, 14259, 14260, 14261, 14262, 14263, 14264, 14267, 14268, 14269, 14270, 14276, 14277, 14278, 14279, 14280, 14281, 14282, 14284, 14285, 14286, 14287, 14288, 14291, 14292, 14293, 14294, 14296, 14297, 14303, 14305, 14309, 14310, 14311, 14312, 14315, 14316, 14317, 14318, 14323, 14327, 14334, 14341, 14347, 14350, 14351, 14352, 14353, 14355, 14356, 14357, 14366, 14367, 14368, 14370, 14371, 14375, 14376, 14381, 14384, 14385, 14390, 14400, 14405, 14406, 14407, 14408, 14409, 14411, 14412, 14414, 14415, 14416, 14421, 14422, 14423, 14424, 14425, 14426, 14427, 14428, 14429, 14430, 14431, 14432, 14433, 14434, 14436, 14437, 14438, 14439, 14440, 14450, 14460, 14461, 14462, 14475, 14476, 14530, 14531, 14532, 14533, 14534, 14536, 14537, 14538, 14541, 14542, 14543, 14544, 14545, 14548, 14550, 14551, 14552, 14553, 14555, 14557, 14558, 14559, 14599, 14601, 14602, 14604, 14605, 14607, 14608, 14609, 14610, 14611, 14612, 14613, 14614, 14615, 14616, 14617, 14618, 14619, 14620, 14621, 14622, 14623, 14625, 14626, 14627, 14628, 14629, 14630, 14631, 14632, 14633, 14634, 14635, 14636, 14637, 14638, 14639, 14640, 14641, 14644, 14645, 14646, 14647, 14648, 14649, 14651, 14654]"
American Indian/Alaska Native Foods,57.91640316205534,209.2806324110672,12.616245059288538,9.8600790513834,17.583359683794466,2.290909090909091,5.024940711462451,93.40316205533597,4.20897233201581,35.73913043478261,190.3399209486166,310.5355731225296,264.4624505928854,1.688893280632411,0.15337154150197627,2.071624505928854,3.1099466403162057,1.5292885375494072,28.83399209486166,"[31001, 31002, 31005, 31006, 31007, 31008, 31010, 31011, 31012, 31013, 31014, 31015, 31016, 31017, 31018, 31019, 31020, 31021, 31022, 31023, 31024, 31025, 31026, 31027, 31028, 31029, 31030, 31031, 31032, 31033, 31034, 31035, 31036, 32000, 32001, 32002, 32003, 32004, 32005, 32006, 32007, 32008, 32009, 32010, 32011, 32012, 32013, 32014, 32015, 32016, 32017, 32018, 32019, 32020, 32021, 32022, 32023, 32024, 32025, 32026, 32027, 32028, 32029, 32030, 32031, 32032, 32034, 32035, 32036, 33862, 33863, 33864, 33865, 33866, 33867, 33868, 33869, 33870, 33871, 33872, 33873, 33874, 33875, 33876, 33877, 33878, 33879, 35001, 35003, 35004, 35007, 35008, 35009, 35010, 35011, 35012, 35013, 35014, 35015, 35016, 35017, 35021, 35022, 35023, 35024, 35025, 35026, 35027, 35028, 35029, 35030, 35034, 35038, 35039, 35040, 35041, 35042, 35043, 35046, 35047, 35048, 35049, 35050, 35051, 35052, 35053, 35054, 35055, 35056, 35057, 35058, 35059, 35060, 35063, 35064, 35065, 35066, 35067, 35068, 35069, 35070, 35071, 35072, 35073, 35074, 35075, 35078, 35079, 35080, 35081, 35082, 35083, 35084, 35085, 35086, 35087, 35088, 35089, 35091, 35092, 35093, 35130, 35131, 35132, 35133, 35134, 35135, 35136, 35137, 35138, 35139, 35140, 35141, 35142, 35143, 35144, 35145, 35146, 35147, 35148, 35149, 35150, 35151, 35152, 35153, 35154, 35155, 35156, 35157, 35158, 35160, 35161, 35162, 35164, 35165, 35166, 35167, 35168, 35169, 35170, 35171, 35172, 35173, 35174, 35175, 35176, 35177, 35178, 35179, 35180, 35181, 35182, 35183, 35184, 35185, 35186, 35187, 35188, 35190, 35192, 35193, 35194, 35195, 35196, 35197, 35198, 35199, 35200, 35201, 35202, 35203, 35204, 35205, 35206, 35207, 35211, 35225, 35226, 35227, 35228, 35229, 35230, 35231, 35232, 35233, 35234, 35235, 35236, 35237, 35238, 35239, 35240, 36000]"
Baby Foods,69.35053459119497,143.55345911949686,3.940377358490566,5.200408805031446,20.542201257861635,0.8971698113207548,11.975125786163522,128.11635220125785,3.7742138364779874,18.251572327044027,94.39622641509433,187.46540880503144,53.80503144654088,1.250880503144654,0.11678301886792453,2.148496855345912,1.8540518867924527,1.1169622641509434,6.273584905660377,"[3001, 3002, 3003, 3005, 3007, 3008, 3009, 3010, 3011, 3012, 3013, 3014, 3015, 3016, 3017, 3019, 3021, 3022, 3023, 3024, 3025, 3026, 3041, 3042, 3043, 3044, 3045, 3046, 3047, 3048, 3049, 3050, 3051, 3052, 3053, 3054, 3055, 3059, 3061, 3062, 3066, 3067, 3068, 3069, 3070, 3072, 3073, 3075, 3076, 3077, 3079, 3081, 3082, 3083, 3084, 3085, 3089, 3090, 3091, 3092, 3093, 3096, 3098, 3099, 3100, 3104, 3105, 3108, 3109, 3112, 3114, 3115, 3116, 3117, 3118, 3119, 3120, 3121, 3122, 3127, 3128, 3129, 3130, 3131, 3132, 3133, 3134, 3135, 3136, 3137, 3139, 3140, 3141, 3142, 3143, 3144, 3145, 3147, 3150, 3151, 3152, 3153, 3154, 3156, 3157, 3158, 3159, 3160, 3161, 3162, 3163, 3164, 3165, 3166, 3167, 3168, 3169, 3170, 3171, 3172, 3173, 3174, 3175, 3176, 3177, 3178, 3179, 3181, 3184, 3185, 3186, 3187, 3188, 3189, 3190, 3191, 3192, 3193, 3194, 3195, 3197, 3198, 3199, 3201, 3205, 3206, 3209, 3211, 3212, 3213, 3214, 3215, 3216, 3217, 3220, 3221, 3222, 3224, 3225, 3226, 3227, 3228, 3229, 3230, 3233, 3235, 3236, 3238, 3245, 3246, 3265, 3267, 3268, 3269, 3274, 3278, 3279, 3280, 3282, 3283, 3286, 3287, 3289, 3290, 3293, 3296, 3297, 3298, 3301, 3302, 3303, 3304, 3681, 3682, 3685, 3686, 3689, 3690, 3693, 3694, 3696, 3704, 3711, 3712, 3800, 3801, 3802, 3803, 3805, 3806, 3808, 3809, 3812, 3813, 3814, 3815, 3816, 3818, 3819, 3820, 3821, 3822, 3823, 3824, 3825, 3826, 3827, 3830, 3832, 3837, 3838, 3839, 3840, 3841, 3842, 3843, 3844, 3845, 3846, 3849, 3850, 3851, 3852, 3853, 3854, 3855, 3856, 3857, 3858, 3859, 3860, 3861, 3864, 3867, 3868, 3869, 3870, 3900, 3901, 3913, 3925, 3926, 3928, 3929, 3930, 3934, 3935, 3936, 3937, 3938, 3939, 3940, 3941, 3942, 3943, 3944, 3945, 3946, 3947, 3948, 3949, 3950, 3951, 3952, 3953, 3954, 3955, 3956, 3957, 3959, 3960, 3961, 3963, 3964, 3965, 3966, 3967, 3968, 3980, 3981, 3982, 3983, 3984, 3985, 3986, 3987, 3988, 3989, 3990, 3991, 3992, 3993, 3994, 3995, 3996, 3997, 3998, 3999]"
Baked Products,21.70286008230453,357.99588477366257,6.984876543209877,12.169711934156378,56.32232510288066,2.9141975308641976,12.735102880658436,117.51028806584362,2.8535390946502055,28.962962962962962,206.9588477366255,224.43312757201647,581.4094650205761,0.8474485596707819,0.13963786008230453,3.1636440329218107,4.867046296296296,2.843283950617284,13.656378600823045,"[18001, 18002, 18003, 18005, 18006, 18007, 18009, 18010, 18011, 18012, 18013, 18014, 18015, 18016, 18017, 18019, 18021, 18022, 18023, 18024, 18025, 18027, 18028, 18029, 18030, 18032, 18033, 18036, 18037, 18038, 18039, 18040, 18041, 18042, 18043, 18044, 18045, 18047, 18048, 18049, 18050, 18051, 18053, 18055, 18057, 18059, 18060, 18061, 18064, 18065, 18066, 18069, 18070, 18071, 18073, 18075, 18076, 18077, 18078, 18079, 18080, 18081, 18082, 18084, 18085, 18086, 18087, 18088, 18090, 18092, 18095, 18096, 18097, 18101, 18102, 18103, 18104, 18105, 18106, 18107, 18108, 18110, 18112, 18114, 18116, 18117, 18119, 18120, 18121, 18126, 18127, 18128, 18131, 18133, 18134, 18135, 18139, 18140, 18141, 18142, 18144, 18146, 18147, 18148, 18151, 18152, 18154, 18155, 18156, 18157, 18158, 18159, 18160, 18161, 18163, 18164, 18165, 18166, 18167, 18168, 18170, 18171, 18172, 18173, 18174, 18175, 18176, 18177, 18178, 18179, 18180, 18182, 18183, 18184, 18185, 18186, 18187, 18188, 18189, 18190, 18191, 18192, 18193, 18196, 18198, 18199, 18200, 18201, 18202, 18204, 18205, 18206, 18208, 18209, 18210, 18211, 18212, 18213, 18214, 18215, 18216, 18217, 18218, 18219, 18220, 18221, 18222, 18223, 18224, 18225, 18226, 18227, 18228, 18229, 18230, 18231, 18232, 18233, 18234, 18235, 18236, 18237, 18239, 18240, 18241, 18242, 18243, 18244, 18245, 18246, 18247, 18248, 18249, 18250, 18251, 18253, 18254, 18255, 18256, 18258, 18259, 18260, 18261, 18262, 18263, 18264, 18265, 18266, 18267, 18268, 18269, 18270, 18271, 18272, 18273, 18274, 18275, 18277, 18278, 18279, 18280, 18281, 18282, 18283, 18284, 18288, 18289, 18290, 18291, 18292, 18293, 18294, 18295, 18297, 18299, 18300, 18301, 18302, 18303, 18304, 18305, 18306, 18308, 18309, 18310, 18312, 18313, 18314, 18316, 18317, 18319, 18320, 18321, 18322, 18323, 18324, 18325, 18326, 18327, 18328, 18332, 18333, 18334, 18335, 18336, 18337, 18338, 18339, 18342, 18344, 18345, 18346, 18347, 18348, 18349, 18350, 18351, 18352, 18353, 18354, 18355, 18356, 18357, 18358, 18360, 18361, 18362, 18363, 18364, 18365, 18367, 18368, 18369, 18370, 18371, 18372, 18373, 18374, 18375, 18376, 18377, 18378, 18383, 18384, 18385, 18386, 18388, 18390, 18396, 18399, 18400, 18401, 18402, 18403, 18406, 18407, 18408, 18412, 18413, 18414, 18416, 18417, 18418, 18419, 18420, 18421, 18422, 18423, 18424, 18425, 18426, 18427, 18428, 18429, 18430, 18431, 18432, 18433, 18434, 18435, 18436, 18437, 18438, 18439, 18443, 18444, 18445, 18446, 18447, 18448, 18449, 18450, 18451, 18453, 18457, 18459, 18476, 18477, 18478, 18479, 18481, 18482, 18486, 18487, 18488, 18489, 18490, 18494, 18497, 18499, 18501, 18505, 18506, 18507, 18513, 18522, 18524, 18527, 18528, 18529, 18532, 18533, 18535, 18537, 18538, 18539, 18540, 18541, 18544, 18547, 18562, 18566, 18567, 18603, 18608, 18609, 18610, 18612, 18614, 18615, 18616, 18617, 18619, 18621, 18629, 18630, 18631, 18632, 18633, 18634, 18635, 18637, 18639, 18640, 18641, 18642, 18651, 18927, 18930, 18931, 18932, 18933, 18934, 18935, 18936, 18938, 18939, 18940, 18942, 18943, 18944, 18945, 18946, 18947, 18948, 18949, 18950, 18951, 18952, 18953, 18954, 18955, 18956, 18957, 18958, 18959, 18960, 18961, 18962, 18963, 18964, 18965, 18966, 18967, 18968, 18969, 18970, 18971, 18972, 18973, 18974, 18975, 18976, 18977, 18978, 18979, 18980, 18981, 18982, 18983, 18984, 18985, 18986, 18987, 18988, 18989, 18990, 18991, 18992, 18993, 18994, 18995, 18996, 18997, 18998, 18999]"
Beef Products,60.374736842105264,229.81842105263158,24.680894736842106,13.856973684210525,0.0944736842105263,0.0,0.30757894736842106,14.586842105263157,2.6786315789473685,20.373684210526317,207.7263157894737,310.8263157894737,97.9,5.280868421052632,0.19647105263157896,5.5086552631578956,6.01868552631579,0.6197473684210526,112.02631578947368,"[13000, 13001, 13002, 13019, 13020, 13023, 13047, 13055, 13065, 13066, 13067, 13068, 13069, 13070, 13095, 13096, 13097, 13098, 13147, 13148, 13149, 13150, 13156, 13158, 13165, 13166, 13227, 13228, 13231, 13232, 13235, 13236, 13284, 13285, 13293, 13294, 13317, 13318, 13319, 13320, 13321, 13322, 13323, 13324, 13325, 13326, 13327, 13328, 13329, 13330, 13331, 13332, 13333, 13334, 13335, 13337, 13338, 13339, 13340, 13341, 13342, 13343, 13344, 13345, 13346, 13347, 13348, 13349, 13350, 13351, 13352, 13353, 13354, 13355, 13356, 13357, 13358, 13359, 13361, 13362, 13363, 13364, 13365, 13366, 13367, 13368, 13369, 13370, 13371, 13372, 13373, 13375, 13377, 13378, 13379, 13380, 13381, 13382, 13383, 13384, 13386, 13387, 13388, 13389, 13390, 13391, 13392, 13393, 13394, 13395, 13396, 13398, 13399, 13401, 13402, 13404, 13405, 13407, 13408, 13410, 13411, 13413, 13414, 13415, 13416, 13417, 13418, 13419, 13420, 13421, 13422, 13423, 13424, 13425, 13426, 13428, 13430, 13432, 13436, 13438, 13439, 13440, 13441, 13442, 13443, 13444, 13445, 13446, 13447, 13448, 13449, 13450, 13451, 13452, 13453, 13454, 13455, 13456, 13459, 13460, 13463, 13464, 13465, 13466, 13467, 13468, 13469, 13470, 13473, 13474, 13477, 13478, 13479, 13481, 13482, 13483, 13484, 13485, 13486, 13487, 13488, 13490, 13491, 13492, 13493, 13494, 13495, 13496, 13497, 13498, 13499, 13500, 13501, 13502, 13519, 13520, 13523, 13595, 13596, 13597, 13598, 13647, 13648, 13649, 13650, 13786, 13788, 13791, 13795, 13796, 13797, 13798, 13799, 13800, 13803, 13804, 13805, 13806, 13807, 13808, 13809, 13810, 13811, 13812, 13813, 13814, 13815, 13816, 13817, 13818, 13819, 13820, 13821, 13822, 13823, 13824, 13825, 13826, 13827, 13828, 13829, 13830, 13831, 13832, 13833, 13834, 13835, 13838, 13839, 13840, 13841, 13842, 13843, 13844, 13845, 13846, 13847, 13848, 13849, 13850, 13851, 13852, 13853, 13854, 13855, 13856, 13857, 13858, 13859, 13860, 13861, 13862, 13863, 13864, 13865, 13866, 13867, 13868, 13869, 13870, 13871, 13872, 13873, 13874, 13875, 13876, 13877, 13878, 13879, 13880, 13881, 13882, 13883, 13884, 13885, 13886, 13887, 13888, 13889, 13890, 13891, 13892, 13893, 13894, 13895, 13896, 13897, 13898, 13899, 13900, 13901, 13902, 13903, 13904, 13905, 13906, 13907, 13908, 13909, 13910, 13911, 13912, 13913, 13914, 13915, 13916, 13917, 13918, 13919, 13920, 13921, 13922, 13923, 13924, 13925, 13926, 13927, 13928, 13929, 13930, 13931, 13932, 13933, 13934, 13935, 13937, 13940, 13943, 13946, 13948, 13949, 13950, 13951, 13952, 13953, 13954, 13955, 13956, 13957, 13958, 13959, 13961, 13963, 13965, 13967, 13968, 13969, 13970, 13971, 13972, 13973, 13974, 13975, 13977, 13979, 13980, 13981, 13982, 13983, 13985]"
Breakfast Cereals,12.09176811594203,340.91014492753624,8.27791304347826,4.020782608695653,73.1392463768116,7.585797101449275,20.24153623188406,160.8753623188406,15.867710144927536,68.78840579710145,223.24927536231883,271.53913043478263,381.3101449275362,5.913826086956521,0.19189855072463768,0.8757797101449275,1.3628318840579712,1.3332956521739132,0.19710144927536233,"[8001, 8002, 8003, 8005, 8010, 8011, 8012, 8013, 8014, 8015, 8017, 8018, 8019, 8020, 8023, 8025, 8028, 8029, 8030, 8031, 8032, 8034, 8035, 8037, 8038, 8039, 8045, 8046, 8047, 8048, 8049, 8050, 8054, 8057, 8058, 8059, 8060, 8061, 8064, 8065, 8066, 8067, 8068, 8069, 8071, 8073, 8074, 8077, 8078, 8081, 8082, 8083, 8084, 8085, 8087, 8089, 8090, 8091, 8092, 8093, 8094, 8096, 8100, 8101, 8102, 8103, 8104, 8105, 8106, 8107, 8113, 8116, 8120, 8121, 8122, 8123, 8124, 8128, 8129, 8130, 8132, 8133, 8138, 8142, 8143, 8144, 8145, 8146, 8147, 8148, 8156, 8157, 8159, 8160, 8161, 8164, 8165, 8168, 8169, 8172, 8173, 8177, 8180, 8182, 8183, 8189, 8191, 8192, 8194, 8200, 8202, 8204, 8206, 8210, 8211, 8214, 8215, 8216, 8218, 8220, 8221, 8225, 8228, 8231, 8236, 8239, 8240, 8243, 8244, 8245, 8247, 8249, 8252, 8259, 8261, 8262, 8263, 8267, 8268, 8270, 8271, 8272, 8273, 8274, 8277, 8284, 8286, 8288, 8290, 8305, 8309, 8314, 8316, 8318, 8319, 8346, 8347, 8348, 8349, 8351, 8352, 8353, 8354, 8355, 8363, 8365, 8366, 8370, 8376, 8380, 8383, 8384, 8386, 8387, 8388, 8389, 8390, 8393, 8402, 8409, 8410, 8411, 8417, 8435, 8436, 8444, 8449, 8450, 8451, 8452, 8453, 8459, 8462, 8463, 8469, 8471, 8476, 8478, 8481, 8484, 8487, 8488, 8489, 8491, 8493, 8494, 8495, 8500, 8501, 8504, 8505, 8506, 8507, 8508, 8509, 8510, 8511, 8512, 8513, 8531, 8537, 8538, 8539, 8542, 8543, 8544, 8546, 8549, 8550, 8553, 8554, 8560, 8561, 8562, 8567, 8568, 8569, 8571, 8573, 8574, 8575, 8576, 8577, 8578, 8579, 8580, 8582, 8583, 8584, 8586, 8587, 8588, 8589, 8590, 8591, 8592, 8593, 8594, 8595, 8596, 8598, 8599, 8602, 8603, 8608, 8610, 8613, 8615, 8617, 8625, 8627, 8628, 8629, 8631, 8632, 8633, 8634, 8635, 8637, 8639, 8640, 8641, 8642, 8643, 8647, 8648, 8649, 8651, 8652, 8653, 8655, 8656, 8657, 8658, 8659, 8660, 8661, 8662, 8663, 8665, 8666, 8668, 8669, 8670, 8671, 8672, 8673, 8674, 8675, 8676, 8677, 8678, 8679, 8680, 8681, 8682, 8683, 8684, 8685, 8686, 8687, 8688, 8689, 8690, 8691, 8692, 8693, 8694, 8695, 8696, 8697, 8699, 8700, 8701, 8702, 8703, 8704, 8705, 8706, 8707, 8708, 8709, 8710, 8711, 8712]"
Cereal Grains and Pasta,29.365277777777777,283.65,8.426388888888889,2.2234444444444446,58.77277777777778,5.218333333333333,1.2778888888888889,37.74444444444445,2.672111111111111,70.64444444444445,206.41666666666666,198.51666666666668,97.4,1.5194444444444444,0.2298388888888889,0.44480555555555557,0.6183361111111111,0.908838888888889,4.0055555555555555,"[20001, 20002, 20003, 20004, 20005, 20006, 20008, 20009, 20010, 20011, 20012, 20013, 20014, 20015, 20016, 20017, 20018, 20019, 20020, 20022, 20023, 20024, 20025, 20027, 20028, 20029, 20030, 20031, 20032, 20033, 20034, 20035, 20036, 20037, 20038, 20040, 20041, 20042, 20044, 20045, 20046, 20047, 20048, 20049, 20050, 20051, 20052, 20053, 20054, 20055, 20058, 20060, 20061, 20062, 20063, 20064, 20065, 20066, 20067, 20068, 20069, 20070, 20071, 20072, 20073, 20074, 20075, 20076, 20077, 20078, 20080, 20081, 20082, 20083, 20084, 20086, 20087, 20088, 20089, 20090, 20091, 20092, 20093, 20094, 20095, 20096, 20097, 20098, 20105, 20106, 20109, 20110, 20111, 20112, 20113, 20114, 20115, 20116, 20117, 20118, 20120, 20121, 20124, 20125, 20126, 20127, 20129, 20130, 20131, 20132, 20133, 20134, 20135, 20136, 20137, 20138, 20139, 20140, 20141, 20142, 20143, 20310, 20314, 20315, 20316, 20317, 20320, 20321, 20322, 20323, 20324, 20325, 20330, 20345, 20381, 20409, 20410, 20420, 20421, 20422, 20444, 20445, 20446, 20447, 20450, 20451, 20452, 20453, 20466, 20481, 20510, 20521, 20522, 20523, 20545, 20581, 20622, 20623, 20624, 20628, 20629, 20630, 20634, 20635, 20636, 20640, 20641, 20645, 20646, 20647, 20648, 20649, 20650, 20651, 20652, 20653, 20654, 20655, 20656, 20657]"
Dairy and Egg Products,58.20084,225.08,13.793520000000001,13.66692,11.84016,0.2704,8.19908,331.124,0.6377200000000001,25.796,294.56,255.008,435.292,1.5522,0.067708,7.907468,3.8758139999999996,0.7863519999999999,106.956,"[1001, 1002, 1003, 1004, 1005, 1006, 1007, 1008, 1009, 1010, 1011, 1012, 1013, 1014, 1015, 1016, 1017, 1018, 1019, 1020, 1021, 1022, 1023, 1024, 1025, 1026, 1027, 1028, 1029, 1030, 1031, 1032, 1033, 1034, 1035, 1036, 1037, 1038, 1039, 1040, 1041, 1042, 1043, 1044, 1045, 1046, 1047, 1048, 1049, 1050, 1052, 1053, 1054, 1055, 1056, 1057, 1058, 1059, 1060, 1061, 1067, 1068, 1069, 1070, 1071, 1072, 1073, 1074, 1076, 1077, 1078, 1079, 1080, 1081, 1082, 1083, 1084, 1085, 1086, 1087, 1088, 1089, 1090, 1091, 1092, 1093, 1094, 1095, 1096, 1097, 1102, 1103, 1104, 1105, 1106, 1107, 1108, 1109, 1110, 1111, 1112, 1113, 1114, 1115, 1116, 1117, 1118, 1119, 1120, 1121, 1122, 1123, 1124, 1125, 1126, 1127, 1128, 1129, 1130, 1131, 1132, 1133, 1134, 1135, 1136, 1137, 1138, 1139, 1140, 1141, 1144, 1145, 1146, 1151, 1152, 1153, 1154, 1155, 1156, 1157, 1159, 1160, 1161, 1164, 1165, 1166, 1167, 1168, 1169, 1171, 1172, 1173, 1174, 1175, 1178, 1179, 1180, 1182, 1184, 1185, 1186, 1187, 1188, 1189, 1190, 1191, 1192, 1193, 1194, 1199, 1200, 1202, 1203, 1204, 1205, 1206, 1208, 1209, 1210, 1211, 1212, 1214, 1215, 1216, 1217, 1218, 1219, 1220, 1221, 1222, 1223, 1224, 1225, 1226, 1227, 1228, 1229, 1230, 1231, 1235, 1236, 1237, 1238, 1239, 1240, 1241, 1242, 1243, 1244, 1250, 1251, 1252, 1253, 1254, 1255, 1256, 1258, 1259, 1260, 1263, 1264, 1265, 1266, 1267, 1270, 1271, 1275, 1276, 1278, 1280, 1281, 1284, 1285, 1286, 1287, 1289, 1290, 1291, 1292, 1293, 1294, 1295, 1297, 1298, 1300, 1301, 1302, 1303, 1305, 1306]"
Fast Foods,50.13297450424929,252.3654390934844,12.065920679886688,12.605382436260623,22.994532577903684,1.5005665722379604,4.238838526912181,103.6657223796034,1.6707648725212463,22.005665722379604,176.25212464589234,213.20538243626063,544.8696883852691,1.2910764872521245,0.09873087818696882,4.1234589235127475,4.489259206798867,2.704453257790368,45.198300283286116,"[21002, 21003, 21004, 21005, 21006, 21007, 21008, 21009, 21010, 21011, 21012, 21013, 21014, 21018, 21020, 21021, 21022, 21023, 21024, 21026, 21028, 21032, 21033, 21034, 21059, 21060, 21061, 21063, 21064, 21078, 21080, 21082, 21083, 21089, 21090, 21091, 21092, 21093, 21094, 21095, 21096, 21097, 21098, 21099, 21100, 21101, 21102, 21105, 21106, 21107, 21108, 21109, 21110, 21111, 21112, 21113, 21114, 21115, 21118, 21119, 21120, 21121, 21124, 21125, 21126, 21127, 21129, 21130, 21138, 21139, 21140, 21141, 21142, 21143, 21144, 21145, 21146, 21147, 21148, 21149, 21150, 21151, 21152, 21153, 21154, 21155, 21156, 21157, 21158, 21159, 21160, 21161, 21162, 21202, 21207, 21209, 21210, 21211, 21213, 21214, 21224, 21225, 21226, 21227, 21228, 21229, 21230, 21232, 21233, 21234, 21235, 21237, 21238, 21239, 21240, 21241, 21242, 21243, 21244, 21245, 21246, 21247, 21248, 21249, 21250, 21251, 21252, 21253, 21254, 21255, 21256, 21258, 21259, 21260, 21261, 21262, 21263, 21264, 21265, 21266, 21267, 21268, 21269, 21270, 21271, 21272, 21273, 21274, 21275, 21276, 21277, 21278, 21279, 21280, 21281, 21282, 21283, 21284, 21285, 21286, 21287, 21288, 21289, 21290, 21291, 21292, 21293, 21294, 21295, 21296, 21297, 21298, 21299, 21300, 21301, 21302, 21303, 21304, 21305, 21306, 21307, 21309, 21310, 21311, 21313, 21314, 21315, 21316, 21319, 21321, 21324, 21327, 21328, 21329, 21333, 21334, 21335, 21336, 21337, 21338, 21339, 21340, 21341, 21343, 21344, 21345, 21346, 21347, 21348, 21349, 21350, 21355, 21356, 21357, 21358, 21359, 21360, 21361, 21362, 21363, 21364, 21365, 21376, 21377, 21378, 21379, 21380, 21381, 21382, 21383, 21384, 21385, 21386, 21387, 21388, 21389, 21390, 21393, 21395, 21396, 21397, 21398, 21399, 21400, 21401, 21402, 21403, 21404, 21405, 21406, 21407, 21410, 21411, 21412, 21413, 21415, 21416, 21417, 21418, 21419, 21420, 21421, 21422, 21424, 21425, 21426, 21427, 21428, 21429, 21430, 21431, 21432, 21433, 21434, 21435, 21436, 21437, 21438, 21439, 21440, 21441, 21442, 21443, 21444, 21445, 21446, 21456, 21457, 21458, 21459, 21461, 21462, 21463, 21464, 21465, 21466, 21467, 21468, 21469, 21470, 21471, 21472, 21473, 21474, 21475, 21476, 21477, 21478, 21479, 21480, 21482, 21483, 21484, 21485, 21486, 21487, 21488, 21490, 21491, 21492, 21493, 21494, 21495, 21496, 21497, 21498, 21499, 21500, 21501, 21503, 21505, 21506, 21507, 21508, 21509, 21510, 21511, 21512, 21513, 21514, 21515, 21516, 21517, 21518, 21519, 21520, 21521, 21522, 21523, 21524, 21525, 21526, 21527]"
"Fats, Oils and Salad Dressings",21.395291005291007,666.989417989418,0.2884656084656085,73.34042328042328,4.028783068783069,0.14285714285714285,2.531164021164021,8.238095238095237,0.1903174603174603,2.835978835978836,14.291005291005291,29.25132275132275,302.30687830687833,0.12074074074074075,0.02721164021164021,21.984243386243385,27.134380952380955,19.919322751322753,29.804232804232804,"[4001, 4002, 4011, 4013, 4014, 4015, 4016, 4017, 4018, 4020, 4021, 4022, 4023, 4025, 4026, 4027, 4028, 4029, 4030, 4031, 4034, 4037, 4038, 4042, 4044, 4047, 4053, 4055, 4058, 4060, 4073, 4114, 4120, 4128, 4133, 4135, 4141, 4142, 4143, 4144, 4145, 4146, 4367, 4501, 4502, 4506, 4510, 4511, 4513, 4514, 4515, 4516, 4517, 4518, 4520, 4528, 4529, 4530, 4531, 4532, 4534, 4536, 4539, 4541, 4542, 4543, 4544, 4545, 4546, 4548, 4549, 4550, 4551, 4554, 4556, 4559, 4560, 4570, 4572, 4573, 4574, 4575, 4576, 4581, 4582, 4583, 4584, 4585, 4586, 4587, 4588, 4589, 4590, 4591, 4592, 4593, 4594, 4595, 4600, 4601, 4602, 4606, 4609, 4610, 4611, 4612, 4613, 4614, 4615, 4617, 4618, 4620, 4624, 4626, 4627, 4628, 4629, 4630, 4631, 4633, 4634, 4635, 4636, 4638, 4639, 4640, 4641, 4642, 4643, 4644, 4645, 4646, 4648, 4649, 4650, 4651, 4652, 4653, 4654, 4655, 4656, 4657, 4658, 4659, 4660, 4661, 4662, 4663, 4664, 4665, 4666, 4667, 4668, 4669, 4670, 4673, 4674, 4675, 4676, 4677, 4678, 4679, 4683, 4684, 4685, 4686, 4687, 4688, 4689, 4690, 4691, 4692, 4693, 4694, 4695, 4696, 4697, 4698, 4699, 4700, 4701, 4702, 4703, 4704, 4705, 4706, 4707, 4708, 4709]"
Finfish and Shellfish Products,71.8849806949807,134.35135135135135,20.44,4.7083011583011585,1.2907335907335908,0.040926640926640924,1.0491505791505793,49.06563706563706,1.3744401544401545,38.53281853281853,245.22779922779924,351.66795366795367,249.59459459459458,2.8747876447876446,0.2806602316602317,1.053849420849421,1.7316969111969112,1.1886756756756758,72.98455598455598,"[15001, 15002, 15003, 15004, 15005, 15006, 15007, 15008, 15009, 15010, 15011, 15012, 15013, 15014, 15015, 15016, 15017, 15018, 15019, 15020, 15021, 15022, 15023, 15024, 15025, 15026, 15027, 15028, 15029, 15030, 15031, 15032, 15033, 15034, 15035, 15036, 15037, 15038, 15039, 15040, 15041, 15042, 15043, 15044, 15045, 15046, 15047, 15048, 15049, 15050, 15051, 15052, 15053, 15054, 15055, 15056, 15057, 15058, 15059, 15060, 15061, 15062, 15063, 15064, 15065, 15066, 15067, 15068, 15069, 15070, 15071, 15072, 15073, 15074, 15075, 15076, 15077, 15078, 15079, 15080, 15081, 15082, 15083, 15084, 15085, 15086, 15087, 15088, 15089, 15090, 15091, 15092, 15093, 15094, 15095, 15096, 15097, 15098, 15099, 15100, 15101, 15102, 15103, 15104, 15105, 15106, 15107, 15108, 15109, 15110, 15111, 15112, 15113, 15114, 15115, 15116, 15117, 15118, 15119, 15121, 15123, 15124, 15126, 15127, 15128, 15129, 15130, 15131, 15132, 15133, 15134, 15135, 15136, 15137, 15138, 15139, 15140, 15141, 15142, 15143, 15144, 15145, 15146, 15147, 15148, 15149, 15150, 15151, 15152, 15153, 15154, 15155, 15156, 15157, 15158, 15159, 15160, 15162, 15163, 15164, 15165, 15166, 15167, 15168, 15169, 15170, 15171, 15172, 15173, 15174, 15175, 15176, 15177, 15178, 15179, 15180, 15181, 15182, 15183, 15184, 15185, 15186, 15187, 15188, 15189, 15190, 15191, 15192, 15193, 15194, 15195, 15196, 15197, 15198, 15199, 15200, 15201, 15202, 15203, 15204, 15205, 15206, 15207, 15208, 15209, 15210, 15211, 15212, 15213, 15214, 15215, 15216, 15217, 15218, 15219, 15220, 15221, 15222, 15223, 15224, 15225, 15226, 15227, 15228, 15229, 15230, 15231, 15232, 15233, 15234, 15235, 15236, 15237, 15238, 15239, 15240, 15241, 15242, 15243, 15244, 15245, 15246, 15247, 15250, 15251, 15252, 15253, 15260, 15261, 15262, 15264, 15265, 15266, 15267, 15268, 15269, 15270, 15271, 15274]"
Fruits and Fruit Juices,76.86259052924791,85.52367688022284,0.8863788300835654,0.5266573816155988,21.153286908077995,2.197493036211699,12.715041782729804,23.161559888579387,0.6075208913649025,13.607242339832869,24.403899721448468,208.2841225626741,15.88857938718663,0.18094707520891362,0.09454596100278552,0.27406963788300837,0.4916114206128133,0.2062200557103064,0.3342618384401114,"[9001, 9002, 9003, 9004, 9005, 9006, 9007, 9008, 9009, 9010, 9011, 9012, 9013, 9014, 9015, 9016, 9017, 9018, 9019, 9020, 9021, 9022, 9023, 9024, 9025, 9026, 9027, 9028, 9029, 9030, 9031, 9032, 9033, 9034, 9035, 9036, 9037, 9038, 9039, 9040, 9041, 9042, 9043, 9044, 9046, 9048, 9050, 9052, 9053, 9054, 9055, 9056, 9057, 9059, 9060, 9061, 9062, 9063, 9064, 9065, 9066, 9067, 9068, 9070, 9071, 9072, 9073, 9074, 9075, 9076, 9077, 9078, 9079, 9081, 9082, 9083, 9084, 9085, 9086, 9087, 9088, 9089, 9090, 9091, 9092, 9093, 9094, 9095, 9096, 9097, 9098, 9099, 9100, 9101, 9102, 9103, 9104, 9105, 9106, 9107, 9109, 9110, 9111, 9112, 9113, 9114, 9116, 9117, 9118, 9119, 9120, 9121, 9123, 9124, 9125, 9126, 9127, 9128, 9129, 9130, 9131, 9132, 9133, 9134, 9135, 9138, 9139, 9140, 9143, 9144, 9145, 9146, 9147, 9148, 9149, 9150, 9152, 9153, 9154, 9156, 9159, 9160, 9161, 9163, 9164, 9165, 9167, 9172, 9173, 9174, 9175, 9176, 9177, 9178, 9181, 9183, 9184, 9185, 9190, 9191, 9192, 9193, 9194, 9195, 9200, 9201, 9202, 9203, 9205, 9206, 9207, 9209, 9210, 9211, 9212, 9213, 9214, 9215, 9216, 9217, 9218, 9219, 9220, 9221, 9223, 9226, 9228, 9229, 9231, 9232, 9233, 9236, 9237, 9238, 9239, 9240, 9241, 9242, 9243, 9244, 9245, 9246, 9247, 9248, 9250, 9251, 9252, 9253, 9254, 9255, 9256, 9257, 9258, 9259, 9260, 9261, 9262, 9263, 9264, 9265, 9266, 9267, 9268, 9269, 9270, 9271, 9272, 9273, 9274, 9275, 9276, 9277, 9278, 9279, 9281, 9282, 9283, 9284, 9285, 9286, 9287, 9288, 9289, 9290, 9291, 9292, 9293, 9294, 9295, 9296, 9297, 9298, 9299, 9301, 9302, 9304, 9306, 9307, 9309, 9310, 9311, 9312, 9313, 9314, 9315, 9316, 9317, 9318, 9319, 9320, 9321, 9322, 9325, 9326, 9328, 9334, 9340, 9351, 9352, 9353, 9354, 9357, 9362, 9367, 9370, 9374, 9379, 9383, 9400, 9401, 9402, 9403, 9404, 9407, 9408, 9409, 9410, 9411, 9412, 9413, 9414, 9415, 9416, 9420, 9421, 9422, 9423, 9426, 9427, 9428, 9429, 9430, 9431, 9432, 9433, 9434, 9435, 9436, 9437, 9438, 9439, 9440, 9442, 9443, 9444, 9446, 9447, 9448, 9449, 9450, 9451, 9452, 9500, 9501, 9502, 9503, 9504, 9506, 9507, 9508, 9510, 9511, 9512, 9513, 9514, 9515, 9516, 9517, 9518, 9519, 9520, 9522, 9523, 9524, 9525, 9526, 9528, 9530, 9531]"
"Lamb, Veal, and Game Products",62.867349137931036,215.72413793103448,23.111379310344827,13.119137931034482,0.14737068965517242,0.09008620689655172,0.9621120689655173,14.178879310344827,2.3600646551724136,22.713362068965516,208.26939655172413,284.2909482758621,75.36206896551724,3.73323275862069,0.32971982758620694,5.460834051724138,4.887262931034483,0.8588189655172415,142.73706896551724,"[17000, 17001, 17002, 17003, 17004, 17005, 17006, 17007, 17008, 17009, 17010, 17011, 17012, 17013, 17014, 17015, 17016, 17017, 17018, 17019, 17020, 17021, 17022, 17023, 17024, 17025, 17026, 17027, 17028, 17029, 17030, 17031, 17032, 17033, 17034, 17035, 17036, 17037, 17038, 17039, 17040, 17041, 17042, 17043, 17044, 17045, 17046, 17047, 17048, 17049, 17050, 17051, 17052, 17053, 17054, 17055, 17056, 17057, 17058, 17059, 17060, 17061, 17062, 17063, 17064, 17065, 17066, 17067, 17068, 17069, 17070, 17071, 17072, 17073, 17074, 17075, 17076, 17077, 17078, 17079, 17080, 17081, 17082, 17083, 17084, 17085, 17086, 17087, 17088, 17089, 17090, 17091, 17092, 17093, 17094, 17095, 17096, 17097, 17098, 17099, 17100, 17101, 17102, 17103, 17104, 17105, 17106, 17107, 17108, 17109, 17110, 17111, 17112, 17113, 17114, 17115, 17116, 17117, 17118, 17119, 17120, 17121, 17122, 17123, 17124, 17125, 17126, 17127, 17128, 17129, 17130, 17131, 17132, 17133, 17134, 17135, 17136, 17137, 17138, 17139, 17140, 17141, 17142, 17143, 17144, 17145, 17146, 17147, 17148, 17149, 17150, 17151, 17152, 17153, 17154, 17155, 17156, 17157, 17158, 17159, 17160, 17161, 17162, 17163, 17164, 17165, 17166, 17167, 17168, 17169, 17170, 17171, 17172, 17173, 17174, 17175, 17176, 17177, 17178, 17179, 17180, 17181, 17182, 17183, 17184, 17185, 17186, 17187, 17188, 17189, 17190, 17191, 17192, 17193, 17194, 17195, 17196, 17197, 17198, 17199, 17200, 17201, 17202, 17203, 17204, 17205, 17206, 17207, 17208, 17209, 17210, 17211, 17212, 17213, 17214, 17215, 17216, 17217, 17218, 17219, 17220, 17221, 17222, 17223, 17224, 17225, 17226, 17227, 17228, 17229, 17230, 17231, 17232, 17233, 17234, 17235, 17236, 17237, 17238, 17239, 17240, 17241, 17242, 17243, 17244, 17245, 17246, 17247, 17248, 17249, 17250, 17251, 17252, 17253, 17254, 17255, 17256, 17257, 17258, 17259, 17260, 17261, 17262, 17263, 17264, 17265, 17267, 17268, 17269, 17270, 17271, 17272, 17273, 17274, 17275, 17276, 17277, 17278, 17279, 17280, 17281, 17282, 17283, 17284, 17285, 17286, 17287, 17288, 17289, 17290, 17291, 17292, 17293, 17294, 17295, 17296, 17297, 17298, 17299, 17300, 17301, 17302, 17303, 17304, 17305, 17306, 17307, 17308, 17309, 17310, 17311, 17312, 17313, 17314, 17315, 17316, 17317, 17318, 17319, 17320, 17321, 17322, 17323, 17324, 17325, 17326, 17327, 17328, 17329, 17330, 17331, 17332, 17333, 17334, 17335, 17336, 17337, 17338, 17339, 17340, 17341, 17342, 17343, 17344, 17345, 17346, 17347, 17348, 17349, 17350, 17351, 17352, 17353, 17354, 17355, 17356, 17357, 17358, 17359, 17360, 17361, 17362, 17363, 17364, 17365, 17366, 17367, 17368, 17369, 17370, 17371, 17372, 17373, 17374, 17375, 17376, 17377, 17378, 17379, 17380, 17381, 17382, 17383, 17384, 17385, 17386, 17387, 17388, 17389, 17390, 17391, 17392, 17393, 17394, 17395, 17396, 17397, 17398, 17399, 17400, 17401, 17402, 17403, 17404, 17405, 17406, 17407, 17408, 17409, 17410, 17411, 17412, 17413, 17414, 17415, 17416, 17417, 17418, 17419, 17420, 17421, 17422, 17423, 17424, 17425, 17426, 17427, 17428, 17429, 17430, 17431, 17432, 17433, 17434, 17435, 17436, 17437, 17438, 17439, 17440, 17441, 17442, 17443, 17444, 17445, 17446, 17447, 17448, 17449, 17450, 17451, 17452, 17453, 17454, 17455, 17456, 17457, 17458, 17459, 17460, 17461, 17462, 17463, 17464]"
"Meals, Entrees, and Side Dishes",63.81269452449568,194.20172910662825,21.61649855907781,10.246959654178674,3.4653602305475504,0.3681556195965418,0.5410374639769453,19.38472622478386,2.26178674351585,21.234870317002883,187.485590778098,294.9221902017291,115.14265129682997,4.830634005763689,0.12414265129682997,3.9339682997118155,4.421224783861671,0.6290763688760806,68.07204610951008,"[21600, 21601, 21602, 21603, 21604, 21605, 21610, 21611, 22118, 22119, 22120, 22121, 22122, 22123, 22126, 22247, 22401, 22402, 22522, 22528, 22529, 22535, 22537, 22899, 22900, 22901, 22902, 22903, 22904, 22905, 22906, 22908, 22910, 22911, 22912, 22914, 22915, 22916, 22917, 22918, 22919, 22928, 22929, 22930, 22931, 22932, 22937, 22938, 22939, 22940, 22941, 22942, 22943, 22944, 22945, 22946, 22947, 22948, 22949, 22950, 22951, 22952, 22953, 22954, 22955, 22956, 22957, 22958, 22959, 22960, 22961, 22962, 22963, 22965, 22966, 22969, 22970, 22971, 22972, 22973, 22974, 22975, 22976, 22977, 22978, 22979, 22980, 22981, 22982, 22983, 22984, 22985, 22986, 22987, 22988, 22989, 22990, 22991, 22992, 22993, 22994, 22995, 22996, 22997, 22998, 22999, 23000, 23001, 23002, 23003, 23004, 23005, 23006, 23007, 23008, 23030, 23031, 23032, 23033, 23034, 23035, 23036, 23037, 23038, 23039, 23040, 23041, 23042, 23043, 23044, 23045, 23046, 23047, 23048, 23049, 23050, 23051, 23052, 23053, 23054, 23055, 23056, 23057, 23058, 23059, 23060, 23061, 23062, 23063, 23064, 23065, 23066, 23067, 23068, 23069, 23070, 23071, 23072, 23073, 23074, 23075, 23076, 23077, 23078, 23079, 23080, 23081, 23082, 23083, 23084, 23085, 23086, 23087, 23088, 23089, 23090, 23091, 23092, 23093, 23094, 23095, 23096, 23097, 23098, 23099, 23100, 23101, 23102, 23103, 23104, 23105, 23106, 23107, 23108, 23109, 23110, 23111, 23112, 23113, 23114, 23115, 23116, 23117, 23118, 23119, 23120, 23121, 23122, 23123, 23124, 23125, 23126, 23127, 23128, 23129, 23130, 23131, 23132, 23133, 23134, 23135, 23136, 23137, 23138, 23139, 23140, 23141, 23142, 23143, 23144, 23145, 23146, 23147, 23148, 23149, 23150, 23151, 23152, 23153, 23154, 23155, 23156, 23157, 23158, 23159, 23160, 23161, 23162, 23163, 23164, 23165, 23166, 23167, 23168, 23169, 23170, 23171, 23172, 23173, 23174, 23175, 23176, 23177, 23178, 23179, 23180, 23181, 23182, 23183, 23184, 23185, 23186, 23187, 23188, 23189, 23190, 23191, 23192, 23193, 23194, 23195, 23196, 23197, 23198, 23199, 23200, 23201, 23202, 23213, 23214, 23215, 23216, 23217, 23218, 23219, 23220, 23221, 23222, 23223, 23224, 23225, 23226, 23227, 23228, 23229, 23230, 23231, 23232, 23233, 23234, 23235, 23236, 23237, 23238, 23239, 23240, 23241, 23242, 23243, 23244, 23245, 23246, 23247, 23248, 23249, 23250, 23251, 23252, 23253, 23254, 23255, 23256, 23257, 23258, 23259, 23260, 23261, 23262, 23263, 23264, 23265, 23266, 23267, 23268, 23269, 23270, 23271, 23272, 23273, 23274, 23275, 23276, 23277, 23278, 23279, 23280, 23281, 23282, 23283, 23284, 23285, 23286, 23287, 23288, 23289, 23290, 23291, 23292, 23293, 23294, 23295, 23296, 23297, 23298, 23299, 23300, 23301, 23302, 23303, 23304, 23305, 23306, 23307, 23308, 23309, 23310, 23311, 23312, 23313, 23314, 23315, 23316, 23317, 23318, 23319, 23320, 23321, 23322, 23323, 23324, 23325, 23326, 23327, 23328, 23329, 23330, 23331, 23332, 23333, 23334, 23335, 23336, 23337, 23338, 23339, 23340, 23341, 23342, 23343, 23344, 23345, 23346, 23347, 23348, 23349, 23350, 23351, 23352, 23353, 23354, 23355, 23356, 23357, 23358, 23359, 23360, 23361, 23362, 23363, 23364, 23365, 23366, 23367, 23368, 23369, 23370, 23371, 23372, 23373, 23374, 23375, 23376, 23377, 23378, 23379, 23380, 23381, 23382, 23383, 23384, 23385, 23386, 23387, 23388, 23389, 23390, 23391, 23392, 23393, 23394, 23395, 23397, 23398, 23399, 23401, 23402, 23403, 23404, 23405, 23406, 23407, 23408, 23409, 23410, 23411, 23412, 23413, 23414, 23415, 23416, 23417, 23418, 23419, 23420, 23421, 23422, 23423, 23424, 23425, 23426, 23427, 23428, 23429, 23430, 23431, 23432, 23433, 23434, 23435, 23436, 23437, 23438, 23439, 23440, 23441, 23442, 23443, 23444, 23445, 23446, 23447, 23448, 23449, 23450, 23451, 23452, 23453, 23454, 23455, 23456, 23457, 23458, 23459, 23460, 23461, 23462, 23463, 23464, 23465, 23466, 23467, 23468, 23469, 23470, 23471, 23472, 23473, 23474, 23475, 23476, 23477, 23478, 23479, 23480, 23481, 23482, 23483, 23484, 23485, 23490, 23491, 23494, 23495, 23496, 23497, 23498, 23499, 23501, 23502, 23503, 23506, 23507, 23508, 23509, 23511, 23513, 23514, 23515, 23516, 23517, 23519, 23521, 23523, 23525, 23528, 23531, 23533, 23536, 23540, 23541, 23545, 23547, 23549, 23552, 23554, 23557, 23558, 23559, 23560, 23561, 23562, 23563, 23564, 23565, 23566, 23567, 23568, 23569, 23570, 23571, 23572, 23573, 23574, 23575, 23576, 23577, 23578, 23579, 23580, 23581, 23582, 23583, 23584, 23585, 23586, 23587, 23588, 23589, 23590, 23591, 23592, 23593, 23594, 23595, 23596, 23597, 23598, 23599, 23600, 23601, 23602, 23603, 23604, 23605, 23606, 23607, 23608, 23609, 23610, 23611, 23612, 23613, 23614, 23615, 23616, 23617, 23618, 23619, 23620, 23621, 23622, 23623, 23624, 23625, 23626, 23627, 23628, 23629, 23630, 23631, 23632, 23633, 23634, 23635, 23636, 23637, 23638, 23640, 23646, 23647, 23648, 23649, 23650, 23651, 23652, 23653, 23654, 23655, 23656, 23657, 23658, 23659, 23660, 25000]"
Nut and Seed Products,16.595495495495495,471.6756756756757,14.635225225225225,35.648378378378375,30.153243243243246,6.009009009009009,4.403513513513514,139.0900900900901,4.305855855855856,199.15315315315314,432.3693693693694,630.4504504504505,44.189189189189186,3.6571171171171173,1.072774774774775,7.6050540540540545,14.449756756756758,11.724855855855857,0.07207207207207207,"[12001, 12003, 12004, 12005, 12006, 12007, 12008, 12011, 12012, 12013, 12014, 12016, 12021, 12022, 12023, 12024, 12029, 12032, 12033, 12034, 12036, 12037, 12038, 12039, 12040, 12041, 12058, 12059, 12060, 12061, 12062, 12063, 12065, 12071, 12077, 12078, 12084, 12085, 12086, 12087, 12088, 12093, 12094, 12095, 12096, 12097, 12098, 12099, 12100, 12101, 12104, 12108, 12109, 12110, 12114, 12115, 12116, 12117, 12118, 12119, 12120, 12121, 12122, 12127, 12128, 12129, 12130, 12131, 12132, 12135, 12136, 12137, 12138, 12140, 12141, 12142, 12143, 12144, 12145, 12147, 12149, 12151, 12152, 12154, 12155, 12156, 12157, 12158, 12160, 12163, 12166, 12167, 12169, 12170, 12171, 12174, 12175, 12176, 12177, 12179, 12193, 12195, 12198, 12200, 12201, 12202, 12203, 12204, 12205, 12206, 12220]"
Pork Products,63.32179104477612,207.43283582089552,22.11411940298507,12.588507462686566,0.4171641791044776,0.01462686567164179,0.52,15.570149253731342,1.365731343283582,20.31641791044776,224.54328358208954,329.9761194029851,414.5074626865672,2.3782089552238808,0.11816716417910447,4.280116417910447,5.395968656716418,1.5581701492537312,96.6776119402985,"[10001, 10002, 10003, 10004, 10005, 10006, 10007, 10008, 10009, 10010, 10011, 10012, 10013, 10014, 10015, 10016, 10017, 10018, 10019, 10020, 10021, 10022, 10023, 10024, 10025, 10026, 10027, 10028, 10029, 10030, 10031, 10032, 10033, 10034, 10035, 10036, 10037, 10038, 10039, 10040, 10041, 10042, 10043, 10044, 10045, 10046, 10047, 10048, 10049, 10050, 10051, 10052, 10053, 10054, 10055, 10056, 10057, 10058, 10059, 10060, 10061, 10062, 10063, 10064, 10065, 10066, 10067, 10068, 10069, 10070, 10071, 10072, 10073, 10074, 10075, 10076, 10077, 10078, 10079, 10080, 10081, 10082, 10083, 10084, 10085, 10086, 10087, 10088, 10089, 10093, 10094, 10096, 10097, 10098, 10099, 10100, 10101, 10102, 10103, 10104, 10105, 10106, 10107, 10109, 10110, 10111, 10112, 10113, 10114, 10115, 10116, 10117, 10118, 10119, 10120, 10121, 10122, 10123, 10128, 10130, 10132, 10134, 10136, 10137, 10138, 10140, 10141, 10142, 10146, 10149, 10150, 10152, 10153, 10158, 10163, 10164, 10165, 10166, 10167, 10168, 10169, 10170, 10171, 10173, 10174, 10175, 10176, 10177, 10178, 10179, 10180, 10181, 10182, 10183, 10184, 10185, 10186, 10187, 10188, 10189, 10192, 10193, 10194, 10195, 10196, 10197, 10198, 10199, 10200, 10201, 10202, 10203, 10204, 10205, 10206, 10207, 10208, 10209, 10210, 10211, 10212, 10213, 10214, 10215, 10216, 10217, 10218, 10219, 10220, 10221, 10222, 10223, 10224, 10225, 10226, 10227, 10228, 10229, 10802, 10803, 10804, 10805, 10851, 10852, 10853, 10854, 10855, 10856, 10857, 10858, 10859, 10860, 10861, 10862, 10863, 10864, 10865, 10866, 10867, 10868, 10869, 10870, 10871, 10872, 10873, 10874, 10875, 10876, 10877, 10878, 10879, 10880, 10881, 10882, 10883, 10884, 10885, 10886, 10887, 10888, 10889, 10890, 10891, 10892, 10893, 10894, 10895, 10898, 10899, 10900, 10901, 10902, 10903, 10904, 10905, 10906, 10907, 10908, 10909, 10910, 10911, 10912, 10913, 10914, 10915, 10916, 10917, 10918, 10919, 10920, 10921, 10922, 10923, 10924, 10925, 10926, 10927, 10928, 10929, 10931, 10932, 10933, 10934, 10935, 10936, 10937, 10938, 10939, 10940, 10942, 10943, 10944, 10945, 10946, 10947, 10948, 10949, 10950, 10951, 10952, 10953, 10954, 10955, 10956, 10957, 10958, 10959, 10960, 10961, 10962, 10963, 10972, 10973, 10974, 10975, 10976, 10977, 10978, 10979, 10980, 10981, 10982, 10983, 10984, 10985, 10986, 10987, 10988, 10989, 10990, 10991, 10992, 10993, 10994, 10998]"
Poultry Products,64.79465968586388,195.93979057591622,23.082696335078534,10.654738219895288,0.8850261780104711,0.04633507853403141,0.5054973821989529,15.950261780104713,1.9869895287958115,22.332460732984295,196.3193717277487,235.9895287958115,152.60471204188482,2.2257591623036648,0.15295549738219896,2.957777486910995,4.190723821989529,2.328675392670157,110.06282722513089,"[5000, 5001, 5002, 5003, 5004, 5005, 5006, 5007, 5008, 5009, 5010, 5011, 5012, 5013, 5014, 5015, 5016, 5017, 5018, 5019, 5020, 5021, 5022, 5023, 5024, 5025, 5026, 5027, 5028, 5029, 5030, 5031, 5032, 5033, 5034, 5035, 5036, 5037, 5038, 5039, 5040, 5041, 5042, 5043, 5044, 5045, 5046, 5047, 5048, 5049, 5050, 5051, 5052, 5053, 5054, 5055, 5056, 5057, 5058, 5059, 5060, 5061, 5062, 5063, 5064, 5065, 5066, 5067, 5068, 5069, 5070, 5071, 5072, 5073, 5074, 5075, 5076, 5077, 5078, 5079, 5080, 5081, 5082, 5083, 5084, 5085, 5086, 5087, 5088, 5089, 5090, 5091, 5092, 5093, 5094, 5095, 5096, 5097, 5098, 5099, 5100, 5101, 5102, 5103, 5104, 5105, 5106, 5107, 5108, 5109, 5110, 5111, 5112, 5113, 5114, 5115, 5116, 5117, 5118, 5119, 5120, 5121, 5122, 5123, 5124, 5125, 5126, 5127, 5128, 5129, 5130, 5131, 5132, 5133, 5134, 5135, 5136, 5137, 5138, 5139, 5140, 5141, 5142, 5143, 5144, 5145, 5146, 5147, 5148, 5149, 5150, 5151, 5152, 5153, 5154, 5155, 5156, 5157, 5158, 5159, 5160, 5161, 5162, 5165, 5166, 5167, 5168, 5169, 5170, 5171, 5172, 5173, 5174, 5175, 5176, 5177, 5178, 5179, 5180, 5181, 5182, 5183, 5184, 5185, 5186, 5187, 5188, 5190, 5191, 5192, 5193, 5194, 5195, 5196, 5200, 5215, 5216, 5219, 5220, 5227, 5228, 5236, 5277, 5282, 5284, 5285, 5286, 5293, 5294, 5295, 5300, 5301, 5302, 5303, 5304, 5305, 5306, 5307, 5308, 5309, 5310, 5311, 5312, 5313, 5314, 5315, 5316, 5317, 5318, 5319, 5320, 5323, 5324, 5326, 5327, 5332, 5333, 5334, 5335, 5336, 5337, 5338, 5339, 5341, 5342, 5343, 5344, 5345, 5346, 5347, 5348, 5349, 5351, 5352, 5353, 5354, 5356, 5357, 5358, 5359, 5361, 5362, 5363, 5600, 5621, 5622, 5623, 5624, 5625, 5626, 5627, 5628, 5629, 5630, 5631, 5632, 5641, 5642, 5643, 5644, 5645, 5646, 5647, 5648, 5649, 5650, 5651, 5652, 5653, 5654, 5655, 5656, 5657, 5658, 5661, 5662, 5663, 5664, 5665, 5666, 5667, 5668, 5669, 5670, 5671, 5672, 5673, 5674, 5675, 5676, 5677, 5678, 5679, 5680, 5681, 5682, 5683, 5684, 5685, 5686, 5687, 5688, 5689, 5690, 5691, 5692, 5693, 5694, 5695, 5696, 5697, 5698, 5699, 5700, 5701, 5702, 5703, 5704, 5705, 5706, 5707, 5708, 5709, 5710, 5711, 5712, 5713, 5714, 5715, 5716, 5717, 5718, 5719, 5720, 5721, 5722, 5723, 5724, 5725, 5726, 5727, 5728, 5729, 5730, 5732, 5733, 5734, 5735, 5736, 5737, 5738, 5739, 5740, 5741, 5742, 5743, 5744, 5745, 5746, 5747, 5748, 5749]"
Restaurant Foods,52.24905044510386,236.63501483679525,8.938783382789317,11.351483679525222,25.163293768545994,2.1062314540059344,8.578338278931751,100.48961424332344,1.8777448071216616,31.602373887240358,177.59347181008903,245.68842729970328,487.00296735905044,1.1642433234421365,0.14835905044510386,3.238166172106825,3.55379821958457,3.5696350148367957,20.679525222551927,"[36001, 36002, 36003, 36004, 36005, 36006, 36007, 36008, 36009, 36010, 36011, 36012, 36013, 36014, 36015, 36016, 36017, 36018, 36019, 36020, 36021, 36022, 36023, 36024, 36025, 36026, 36027, 36028, 36029, 36030, 36031, 36032, 36033, 36034, 36035, 36036, 36037, 36038, 36039, 36040, 36041, 36042, 36043, 36044, 36045, 36046, 36047, 36048, 36049, 36050, 36051, 36052, 36053, 36054, 36055, 36056, 36057, 36058, 36059, 36060, 36061, 36401, 36403, 36404, 36405, 36406, 36407, 36408, 36409, 36410, 36411, 36412, 36413, 36414, 36415, 36416, 36417, 36418, 36601, 36602, 36603, 36604, 36605, 36606, 36607, 36608, 36609, 36610, 36611, 36612, 36613, 36614, 36615, 36617, 36618, 36619, 36620, 36621, 36622, 36623, 36624, 36625, 36626, 36629, 36630, 36631, 36632, 36633, 42040, 42055, 42063, 42074, 42116, 42117, 42119, 42120, 42128, 42129, 42131, 42135, 42136, 42137, 42138, 42139, 42140, 42141, 42148, 42150, 42151, 42153, 42155, 42157, 42158, 42161, 42171, 42173, 42178, 42179, 42183, 42185, 42186, 42187, 42189, 42190, 42192, 42193, 42196, 42200, 42204, 42205, 42227, 42230, 42231, 42235, 42236, 42237, 42240, 42256, 42258, 42259, 42261, 42265, 42266, 42267, 42270, 42272, 42278, 42279, 42280, 42281, 42283, 42284, 42285, 42286, 42289, 42290, 42291, 42297, 42303, 42304, 42307, 42309, 42316, 43004, 43006, 43007, 43008, 43015, 43016, 43017, 43019, 43020, 43021, 43026, 43027, 43028, 43031, 43046, 43057, 43058, 43059, 43060, 43075, 43078, 43098, 43100, 43109, 43112, 43114, 43125, 43128, 43130, 43131, 43132, 43134, 43135, 43137, 43142, 43143, 43144, 43146, 43154, 43155, 43158, 43205, 43212, 43214, 43215, 43216, 43217, 43218, 43241, 43245, 43260, 43261, 43268, 43269, 43273, 43274, 43275, 43276, 43278, 43282, 43283, 43285, 43287, 43297, 43299, 43311, 43312, 43325, 43326, 43327, 43329, 43331, 43340, 43344, 43345, 43346, 43352, 43355, 43364, 43365, 43366, 43367, 43369, 43373, 43378, 43379, 43382, 43384, 43387, 43390, 43391, 43392, 43393, 43396, 43398, 43401, 43404, 43405, 43406, 43408, 43410, 43417, 43432, 43441, 43447, 43449, 43450, 43476, 43479, 43483, 43495, 43497, 43506, 43507, 43514, 43523, 43528, 43529, 43535, 43536, 43537, 43539, 43541, 43543, 43544, 43546, 43550, 43566, 43570, 43572, 43585, 43589, 43595, 43597, 43598, 44005, 44018, 44048, 44055, 44061, 44074, 44110, 44158, 44203, 44258, 44259, 44260, 48052, 80200, 83110, 90240, 90480, 90560, 93600]"
Sausages and Luncheon Meats,57.54677419354839,260.6322580645161,15.197290322580645,20.42232258064516,3.6281290322580646,0.11419354838709676,1.1563870967741936,35.63870967741936,1.815225806451613,16.92258064516129,165.9806451612903,273.9129032258065,988.6129032258065,2.126774193548387,0.10625806451612903,7.00283870967742,8.995045161290323,2.4802774193548385,74.58709677419355,"[7001, 7002, 7003, 7004, 7005, 7006, 7007, 7008, 7010, 7011, 7013, 7014, 7015, 7016, 7018, 7019, 7020, 7021, 7022, 7024, 7025, 7026, 7027, 7028, 7029, 7030, 7031, 7032, 7033, 7034, 7036, 7038, 7039, 7040, 7041, 7043, 7044, 7045, 7046, 7050, 7051, 7052, 7053, 7054, 7055, 7056, 7057, 7058, 7059, 7060, 7061, 7062, 7063, 7064, 7065, 7066, 7067, 7068, 7069, 7070, 7071, 7072, 7073, 7074, 7075, 7077, 7078, 7081, 7083, 7088, 7089, 7090, 7091, 7201, 7207, 7209, 7212, 7230, 7236, 7241, 7254, 7278, 7900, 7901, 7905, 7906, 7907, 7908, 7909, 7910, 7911, 7912, 7913, 7914, 7915, 7916, 7917, 7918, 7919, 7920, 7921, 7922, 7923, 7924, 7925, 7926, 7927, 7928, 7929, 7930, 7931, 7932, 7933, 7934, 7935, 7936, 7937, 7938, 7939, 7940, 7941, 7942, 7943, 7944, 7945, 7949, 7950, 7951, 7952, 7953, 7954, 7955, 7956, 7957, 7958, 7959, 7960, 7961, 7962, 7963, 7964, 7965, 7966, 7967, 7968, 7969, 7970, 7971, 7972, 7973, 7974, 7976, 7977, 7978, 7979]"
Snacks,17.593473053892215,392.47305389221555,6.184970059880239,15.255868263473053,58.399760479041916,3.6191616766467067,18.405369261477045,91.05988023952096,2.8913373253493013,34.53692614770459,134.3193612774451,178.98003992015967,489.7744510978044,0.9650099800399202,0.13796407185628742,5.31551497005988,3.91124750499002,4.7294491017964075,3.622754491017964,"[25001, 25003, 25004, 25005, 25006, 25007, 25008, 25009, 25010, 25012, 25013, 25014, 25015, 25016, 25017, 25018, 25020, 25021, 25022, 25023, 25024, 25025, 25026, 25027, 25028, 25030, 25031, 25032, 25033, 25034, 25035, 25036, 25037, 25038, 25039, 25040, 25041, 25043, 25045, 25046, 25048, 25050, 25051, 25052, 25053, 25054, 25055, 25056, 25059, 25060, 25062, 25063, 25064, 25065, 25066, 25067, 25068, 25070, 25071, 27000, 27001, 27002, 27007, 27008, 27009, 27013, 27014, 27015, 27017, 27018, 27019, 27021, 27022, 27023, 27027, 27028, 27029, 27030, 27032, 27033, 27034, 27035, 27042, 27043, 27044, 27045, 27046, 27047, 27048, 27049, 27050, 27051, 27052, 27053, 27054, 27055, 27056, 27057, 27058, 27059, 27060, 27061, 27062, 27063, 27064, 27065, 27066, 27067, 27068, 28000, 28001, 28002, 28003, 28004, 28005, 28006, 28007, 28008, 28009, 28010, 28011, 28012, 28013, 28014, 28015, 28016, 28017, 28018, 28019, 28020, 28021, 28022, 28023, 28024, 28025, 28026, 28027, 28028, 28029, 28030, 28031, 28032, 28033, 28034, 28035, 28036, 28037, 28038, 28039, 28040, 28041, 28043, 28044, 28045, 28046, 28047, 28048, 28049, 28050, 28051, 28052, 28053, 28054, 28055, 28056, 28057, 28058, 28059, 28060, 28061, 28062, 28064, 28065, 28066, 28067, 28068, 28069, 28070, 28071, 28072, 28073, 28074, 28075, 28076, 28077, 28078, 28079, 28080, 28081, 28082, 28083, 28084, 28085, 28086, 28087, 28088, 28089, 28091, 28092, 28093, 28094, 28095, 28096, 28097, 28098, 28100, 28101, 28102, 28103, 28104, 28105, 28106, 28107, 28108, 28109, 28110, 28111, 28112, 28113, 28114, 28115, 28116, 28117, 28118, 28119, 28120, 28121, 28122, 28123, 28124, 28125, 28126, 28127, 28128, 28129, 28130, 28131, 28132, 28133, 28134, 28135, 28136, 28137, 28138, 28139, 28140, 28141, 28142, 28143, 28144, 28145, 28146, 28147, 28148, 28149, 28150, 28151, 28152, 28153, 28154, 28155, 28156, 28157, 28158, 28159, 28160, 28161, 28162, 28163, 28164, 28165, 28167, 28168, 28169, 28170, 28171, 28172, 28173, 28174, 28175, 28176, 28177, 28178, 28179, 28180, 28181, 28182, 28183, 28184, 28185, 28186, 28187, 28188, 28189, 28190, 28191, 28192, 28193, 28194, 28195, 28196, 28197, 28198, 28199, 28200, 28201, 28202, 28203, 28204, 28205, 28206, 28207, 28208, 28209, 28210, 28211, 28212, 28213, 28214, 28215, 28216, 28217, 28218, 28219, 28221, 28222, 28223, 28224, 28225, 28226, 28227, 28228, 28229, 28230, 28231, 28232, 28233, 28234, 28235, 28236, 28237, 28238, 28239, 28240, 28241, 28242, 28243, 28244, 28245, 28246, 28247, 28248, 28249, 28250, 28251, 28252, 28253, 28254, 28255, 28256, 28257, 28258, 28259, 28260, 28261, 28262, 28263, 28264, 28265, 28266, 28267, 28268, 28269, 28270, 28271, 28272, 28273, 28274, 28275, 28276, 28277, 28278, 28279, 28280, 28281, 28282, 28283, 28284, 28285, 28286, 28287, 28288, 28289, 28290, 28291, 28292, 28293, 28294, 28295, 28296, 28297, 28298, 28299, 28300, 28301, 28302, 28303, 28304, 28305, 28306, 28307, 28308, 28309, 28310, 28311, 28312, 28313, 28314, 28315, 28316, 28317, 28318, 28319, 28320, 28321, 28322, 28323, 28324, 28325, 28326, 28327, 28328, 28329, 28330, 28331, 28332, 28333, 28334, 28335, 28336, 28337, 28338, 28339, 28340, 28341, 28342, 28343, 28344, 28345, 28346, 28347, 28348, 28349, 28350, 28351, 28352, 28354, 28355, 28356, 28357, 28358, 28359, 28360, 28361, 28362, 28363, 28364, 28365, 28366, 28367, 28368, 28369, 28370, 28371, 28372, 28373, 28374, 28375, 28376, 28377, 28378, 28379, 28380, 28381, 28382, 28383, 28384, 28385, 28386, 28387, 28388, 28389, 28390, 28391, 28392, 28393, 28394, 28395, 28396, 28397, 28399]"
"Soups, Sauces, and Gravies",80.16250602409639,81.71566265060241,2.918,2.9332048192771083,11.037903614457832,1.1867469879518073,3.161421686746988,28.898795180722892,0.7074698795180724,17.026506024096385,98.73012048192771,216.64457831325302,918.5084337349398,0.7561927710843374,0.09697590361445782,0.9199204819277108,1.4962036144578312,0.7863277108433735,4.4072289156626505,"[6001, 6002, 6003, 6004, 6006, 6007, 6008, 6009, 6010, 6011, 6013, 6014, 6015, 6016, 6017, 6018, 6019, 6022, 6023, 6024, 6025, 6026, 6027, 6028, 6029, 6030, 6032, 6037, 6038, 6039, 6040, 6041, 6042, 6043, 6044, 6045, 6046, 6047, 6048, 6049, 6050, 6051, 6053, 6054, 6056, 6057, 6058, 6061, 6062, 6063, 6064, 6067, 6068, 6070, 6071, 6072, 6075, 6076, 6080, 6081, 6082, 6084, 6091, 6094, 6097, 6101, 6112, 6114, 6115, 6116, 6117, 6118, 6119, 6120, 6121, 6122, 6123, 6124, 6125, 6126, 6127, 6128, 6142, 6143, 6145, 6146, 6147, 6149, 6150, 6151, 6152, 6158, 6159, 6164, 6165, 6166, 6167, 6168, 6169, 6170, 6172, 6174, 6175, 6176, 6177, 6178, 6179, 6180, 6182, 6183, 6188, 6189, 6190, 6192, 6193, 6194, 6195, 6201, 6208, 6209, 6210, 6211, 6212, 6213, 6214, 6215, 6216, 6217, 6218, 6219, 6220, 6221, 6222, 6223, 6224, 6225, 6226, 6228, 6229, 6230, 6231, 6232, 6233, 6234, 6235, 6236, 6237, 6239, 6240, 6241, 6242, 6243, 6244, 6245, 6246, 6248, 6249, 6250, 6251, 6252, 6253, 6256, 6264, 6285, 6307, 6309, 6311, 6312, 6314, 6315, 6316, 6317, 6318, 6319, 6320, 6321, 6322, 6323, 6324, 6325, 6326, 6327, 6328, 6329, 6330, 6331, 6332, 6333, 6334, 6336, 6337, 6338, 6339, 6340, 6341, 6342, 6343, 6349, 6350, 6351, 6353, 6354, 6355, 6357, 6358, 6359, 6361, 6363, 6364, 6365, 6366, 6367, 6373, 6374, 6375, 6377, 6379, 6380, 6383, 6384, 6387, 6388, 6389, 6391, 6392, 6393, 6395, 6396, 6398, 6399, 6400, 6401, 6402, 6403, 6404, 6405, 6406, 6408, 6409, 6410, 6411, 6413, 6414, 6415, 6416, 6417, 6418, 6419, 6423, 6426, 6428, 6429, 6430, 6431, 6432, 6433, 6434, 6437, 6438, 6439, 6440, 6441, 6442, 6443, 6444, 6446, 6447, 6448, 6449, 6451, 6453, 6454, 6456, 6457, 6459, 6461, 6462, 6463, 6465, 6466, 6468, 6470, 6471, 6472, 6475, 6476, 6480, 6481, 6482, 6483, 6487, 6494, 6497, 6498, 6502, 6503, 6504, 6505, 6509, 6528, 6529, 6537, 6541, 6543, 6544, 6545, 6546, 6547, 6548, 6549, 6558, 6559, 6580, 6583, 6584, 6585, 6586, 6587, 6588, 6589, 6590, 6592, 6594, 6595, 6596, 6597, 6598, 6599, 6600, 6601, 6602, 6603, 6604, 6605, 6609, 6611, 6615, 6617, 6618, 6619, 6620, 6621, 6622, 6623, 6624, 6625, 6626, 6627, 6628, 6629, 6630, 6631, 6632, 6633, 6700, 6720, 6725, 6726, 6728, 6729, 6730, 6731, 6733, 6734, 6736, 6738, 6739, 6740, 6742, 6748, 6749, 6930, 6931, 6932, 6955, 6956, 6957, 6958, 6959, 6960, 6961, 6962, 6963, 6964, 6965, 6966, 6967, 6968, 6969, 6970, 6971, 6972, 6974, 6976, 6977, 6978, 6980, 6981, 6982, 6983, 6984, 6985, 6986, 6987, 6988, 6989, 6990, 6991, 6992, 6994, 6995, 6996, 6997, 6998, 6999]"
"Soy, Flour and Bean Products",56.56591036414566,192.73389355742296,13.881708683473391,7.3993837535014,19.87873949579832,5.725770308123249,3.11484593837535,98.14005602240897,2.934145658263305,67.82352941176471,197.07843137254903,445.70168067226894,327.66386554621846,1.52781512605042,0.3559831932773109,1.1943361344537815,2.905567226890756,2.831831932773109,0.8683473389355743,"[16001, 16002, 16003, 16004, 16005, 16006, 16007, 16008, 16009, 16010, 16011, 16014, 16015, 16016, 16017, 16018, 16019, 16020, 16021, 16022, 16023, 16024, 16025, 16026, 16027, 16028, 16029, 16030, 16031, 16032, 16033, 16034, 16035, 16036, 16037, 16038, 16039, 16040, 16041, 16042, 16043, 16044, 16045, 16046, 16047, 16048, 16049, 16050, 16051, 16052, 16053, 16054, 16055, 16056, 16057, 16058, 16059, 16060, 16061, 16062, 16063, 16064, 16065, 16067, 16068, 16069, 16070, 16071, 16072, 16073, 16074, 16075, 16076, 16077, 16078, 16079, 16080, 16081, 16082, 16083, 16084, 16085, 16086, 16087, 16088, 16089, 16090, 16091, 16092, 16093, 16094, 16095, 16096, 16097, 16098, 16099, 16100, 16101, 16102, 16103, 16104, 16106, 16107, 16108, 16109, 16110, 16111, 16112, 16113, 16114, 16115, 16116, 16117, 16118, 16119, 16120, 16121, 16122, 16123, 16124, 16125, 16126, 16127, 16128, 16129, 16130, 16132, 16133, 16134, 16135, 16136, 16137, 16138, 16139, 16144, 16145, 16146, 16147, 16149, 16150, 16155, 16156, 16157, 16158, 16159, 16160, 16161, 16162, 16163, 16164, 16165, 16166, 16167, 16168, 16171, 16172, 16173, 16174, 16200, 16201, 16202, 16203, 16204, 16210, 16211, 16212, 16213, 16214, 16215, 16216, 16219, 16222, 16223, 16225, 16227, 16228, 16229, 16230, 16231, 16235, 16236, 16237, 16238, 16239, 16240, 16241, 16242, 16243, 16244, 16245, 16246, 16247, 16248, 16249, 16250, 16251, 16252, 16253, 16254, 16255, 16256, 16257, 16258, 16259, 16260, 16261, 16262, 16271, 16272, 16273, 16274, 16275, 16276, 16277, 16278, 16279, 16281, 16302, 16315, 16316, 16317, 16320, 16323, 16325, 16326, 16328, 16331, 16333, 16335, 16336, 16337, 16338, 16341, 16343, 16345, 16346, 16347, 16348, 16350, 16353, 16357, 16358, 16359, 16360, 16361, 16363, 16368, 16370, 16372, 16375, 16377, 16379, 16381, 16384, 16386, 16389, 16390, 16392, 16394, 16396, 16397, 16398, 16399, 16402, 16403, 16409, 16410, 16420, 16422, 16424, 16425, 16426, 16427, 16428, 16429, 16432, 16434, 16436, 16500, 16502, 16504, 16505, 16506, 16507, 16508, 16509, 16510, 16511, 16512, 16513, 16514, 16515, 16516, 16517, 16518, 16519, 16521, 16522, 16523, 16524, 16525, 16526, 16527, 16528, 16529, 16531, 16532, 16533, 16534, 16535, 16536, 16538, 16542, 16546, 16548, 16549, 16551, 16552, 16554, 16555, 16556, 16557, 16558, 16560, 16561, 16565, 16570, 16579, 16581, 16584, 16585, 16586, 16587, 16588, 16590, 16591, 16592, 16593, 16594, 16596, 16600, 16601, 16602, 16603, 16606, 16607, 16608, 16609, 16610, 16611, 16613, 16614, 16615, 16616, 16617, 16618, 16619]"
Spices and Herbs,26.02861538461538,250.90769230769232,9.850461538461538,8.255384615384616,44.64,18.84307692307692,4.129538461538462,629.8,21.22046153846154,192.56923076923076,225.6,1084.5307692307692,1328.4923076923078,2.887230769230769,0.6412307692307693,1.9519692307692307,2.910030769230769,2.2913384615384618,0.12307692307692308,"[2001, 2002, 2003, 2004, 2005, 2006, 2007, 2008, 2009, 2010, 2011, 2012, 2013, 2014, 2015, 2016, 2017, 2018, 2019, 2020, 2021, 2022, 2023, 2024, 2025, 2026, 2027, 2028, 2029, 2030, 2031, 2032, 2033, 2034, 2035, 2036, 2037, 2038, 2039, 2041, 2042, 2043, 2044, 2045, 2046, 2047, 2048, 2049, 2050, 2051, 2052, 2053, 2054, 2055, 2063, 2064, 2065, 2066, 2068, 2069, 2073, 2074, 2075, 2076, 3000]"
"Sweets, Candies",20.772806603773585,363.54009433962267,5.56438679245283,13.021320754716982,58.70132075471698,2.676179245283019,29.47455188679245,91.40094339622641,1.4836556603773585,45.37264150943396,147.14622641509433,270.28891509433964,303.7051886792453,1.023820754716981,0.23370283018867927,5.680650943396226,3.614502358490566,2.3532146226415094,8.205188679245284,"[19000, 19001, 19002, 19003, 19004, 19005, 19007, 19008, 19009, 19010, 19013, 19014, 19015, 19016, 19017, 19018, 19020, 19021, 19022, 19024, 19025, 19026, 19027, 19029, 19030, 19031, 19033, 19034, 19035, 19036, 19038, 19039, 19040, 19041, 19042, 19043, 19045, 19046, 19047, 19048, 19049, 19050, 19051, 19052, 19053, 19056, 19057, 19058, 19059, 19061, 19062, 19063, 19064, 19065, 19067, 19068, 19069, 19070, 19071, 19074, 19075, 19076, 19077, 19078, 19079, 19080, 19081, 19083, 19084, 19085, 19086, 19087, 19088, 19089, 19090, 19091, 19092, 19093, 19094, 19095, 19096, 19097, 19098, 19099, 19100, 19101, 19102, 19103, 19104, 19105, 19106, 19107, 19108, 19109, 19110, 19111, 19112, 19113, 19114, 19115, 19116, 19117, 19118, 19119, 19120, 19121, 19122, 19123, 19124, 19125, 19126, 19127, 19128, 19129, 19130, 19132, 19134, 19135, 19136, 19137, 19138, 19139, 19140, 19141, 19142, 19143, 19144, 19145, 19146, 19147, 19148, 19149, 19150, 19151, 19152, 19153, 19154, 19155, 19156, 19157, 19159, 19160, 19161, 19162, 19163, 19164, 19165, 19166, 19168, 19169, 19170, 19171, 19172, 19173, 19175, 19176, 19177, 19181, 19182, 19183, 19184, 19185, 19186, 19187, 19188, 19189, 19190, 19191, 19193, 19194, 19195, 19198, 19199, 19201, 19202, 19203, 19204, 19205, 19206, 19207, 19208, 19209, 19212, 19213, 19214, 19216, 19217, 19218, 19219, 19220, 19221, 19222, 19223, 19225, 19226, 19227, 19228, 19230, 19231, 19232, 19233, 19234, 19235, 19236, 19238, 19239, 19240, 19241, 19243, 19244, 19246, 19247, 19248, 19249, 19250, 19252, 19254, 19255, 19256, 19258, 19260, 19263, 19265, 19268, 19269, 19270, 19271, 19272, 19273, 19274, 19279, 19280, 19281, 19283, 19292, 19293, 19294, 19295, 19296, 19297, 19300, 19301, 19302, 19303, 19304, 19306, 19307, 19308, 19309, 19310, 19312, 19313, 19314, 19315, 19318, 19319, 19320, 19321, 19322, 19323, 19324, 19325, 19326, 19327, 19328, 19330, 19331, 19332, 19333, 19334, 19335, 19336, 19337, 19340, 19345, 19348, 19349, 19350, 19351, 19352, 19353, 19355, 19359, 19360, 19361, 19362, 19363, 19364, 19365, 19366, 19367, 19368, 19369, 19370, 19371, 19372, 19375, 19379, 19382, 19383, 19384, 19387, 19393, 19400, 19401, 19403, 19404, 19405, 19406, 19407, 19408, 19409, 19410, 19411, 19412, 19413, 19414, 19415, 19416, 19418, 19419, 19420, 19421, 19422, 19423, 19424, 19433, 19434, 19435, 19436, 19437, 19438, 19439, 19440, 19441, 19444, 19445, 19524, 19701, 19702, 19703, 19704, 19705, 19706, 19708, 19709, 19710, 19719, 19720, 19800, 19802, 19804, 19806, 19807, 19809, 19810, 19811, 19812, 19813, 19814, 19816, 19817, 19818, 19819, 19820, 19821, 19822, 19823, 19833, 19856, 19857, 19858, 19859, 19860, 19866, 19867, 19868, 19871, 19873, 19874, 19875, 19876, 19877, 19878, 19879, 19880, 19881, 19882, 19883, 19884, 19886, 19887, 19890, 19891, 19892, 19893, 19894, 19895, 19896, 19897, 19898, 19899, 19902, 19903, 19904, 19905, 19906, 19907, 19908, 19909, 19910, 19911, 19912, 19913, 19914, 19916, 19917, 19918, 19919, 19920, 19921, 19922, 19923, 19924]"
Vegetables and Vegetable Products,82.61131479140329,62.79013906447535,2.82653603034134,0.9494943109987357,12.365865992414664,2.7331226295828066,2.8981036662452593,49.558786346396964,1.3402022756005056,31.265486725663717,59.48166877370417,346.53729456384326,141.0,0.4810240202275601,0.16311251580278127,0.33809102402022756,0.41185587863463974,0.3346548672566372,0.7332490518331226,"[11001, 11003, 11004, 11005, 11006, 11007, 11008, 11009, 11010, 11011, 11012, 11013, 11015, 11018, 11019, 11022, 11023, 11024, 11025, 11026, 11027, 11028, 11029, 11030, 11031, 11032, 11033, 11037, 11038, 11039, 11040, 11043, 11044, 11045, 11046, 11047, 11048, 11049, 11050, 11052, 11053, 11054, 11056, 11058, 11060, 11061, 11062, 11063, 11080, 11081, 11082, 11084, 11086, 11087, 11088, 11089, 11090, 11091, 11092, 11093, 11094, 11095, 11096, 11097, 11098, 11099, 11100, 11101, 11104, 11105, 11106, 11107, 11108, 11109, 11110, 11112, 11113, 11114, 11115, 11116, 11117, 11118, 11119, 11120, 11122, 11123, 11124, 11125, 11126, 11128, 11130, 11131, 11134, 11135, 11136, 11137, 11138, 11141, 11142, 11143, 11144, 11145, 11147, 11148, 11149, 11150, 11151, 11152, 11154, 11156, 11157, 11158, 11161, 11162, 11163, 11164, 11165, 11167, 11168, 11170, 11172, 11174, 11176, 11177, 11178, 11179, 11180, 11181, 11182, 11184, 11190, 11191, 11192, 11195, 11196, 11197, 11198, 11199, 11200, 11201, 11202, 11203, 11204, 11205, 11206, 11207, 11208, 11209, 11210, 11211, 11212, 11213, 11214, 11215, 11216, 11218, 11219, 11220, 11221, 11222, 11223, 11224, 11225, 11226, 11228, 11230, 11231, 11232, 11233, 11234, 11235, 11236, 11237, 11238, 11239, 11240, 11241, 11242, 11243, 11244, 11245, 11246, 11247, 11248, 11249, 11250, 11251, 11252, 11253, 11254, 11255, 11257, 11258, 11259, 11260, 11261, 11263, 11264, 11265, 11266, 11267, 11268, 11269, 11270, 11271, 11272, 11273, 11274, 11275, 11276, 11277, 11278, 11279, 11280, 11281, 11282, 11283, 11284, 11285, 11286, 11287, 11288, 11289, 11290, 11291, 11292, 11293, 11294, 11295, 11296, 11297, 11298, 11299, 11300, 11301, 11302, 11303, 11304, 11305, 11306, 11308, 11310, 11311, 11312, 11313, 11316, 11317, 11318, 11322, 11323, 11324, 11326, 11327, 11329, 11333, 11334, 11335, 11337, 11338, 11339, 11344, 11345, 11349, 11350, 11351, 11352, 11353, 11354, 11355, 11356, 11357, 11358, 11359, 11360, 11361, 11362, 11363, 11364, 11365, 11366, 11367, 11368, 11369, 11370, 11371, 11372, 11373, 11374, 11376, 11378, 11379, 11380, 11381, 11382, 11383, 11384, 11385, 11386, 11387, 11390, 11391, 11392, 11393, 11394, 11395, 11396, 11397, 11398, 11399, 11400, 11401, 11402, 11403, 11406, 11407, 11408, 11409, 11410, 11411, 11412, 11413, 11414, 11416, 11417, 11418, 11419, 11422, 11423, 11424, 11426, 11427, 11428, 11429, 11430, 11431, 11432, 11435, 11436, 11437, 11438, 11439, 11442, 11444, 11445, 11446, 11447, 11448, 11450, 11451, 11452, 11453, 11454, 11457, 11458, 11459, 11461, 11463, 11464, 11467, 11468, 11471, 11473, 11474, 11475, 11476, 11477, 11478, 11479, 11480, 11481, 11482, 11483, 11484, 11485, 11486, 11487, 11488, 11489, 11490, 11491, 11492, 11493, 11495, 11496, 11497, 11499, 11501, 11502, 11503, 11504, 11505, 11506, 11507, 11508, 11510, 11512, 11514, 11516, 11517, 11518, 11519, 11520, 11521, 11522, 11523, 11525, 11526, 11527, 11529, 11530, 11531, 11533, 11537, 11540, 11546, 11547, 11548, 11549, 11551, 11553, 11555, 11557, 11559, 11563, 11564, 11565, 11566, 11567, 11568, 11569, 11570, 11574, 11575, 11576, 11577, 11578, 11579, 11581, 11583, 11584, 11585, 11587, 11588, 11590, 11591, 11593, 11594, 11595, 11596, 11597, 11599, 11601, 11602, 11603, 11604, 11605, 11609, 11613, 11614, 11615, 11616, 11617, 11618, 11620, 11621, 11622, 11623, 11624, 11625, 11626, 11632, 11634, 11637, 11640, 11641, 11642, 11643, 11644, 11645, 11647, 11649, 11653, 11654, 11655, 11656, 11657, 11658, 11659, 11660, 11663, 11666, 11667, 11669, 11670, 11671, 11672, 11674, 11675, 11676, 11677, 11683, 11693, 11695, 11696, 11697, 11698, 11700, 11701, 11702, 11703, 11705, 11707, 11709, 11710, 11711, 11712, 11713, 11714, 11715, 11716, 11717, 11718, 11719, 11720, 11721, 11722, 11723, 11724, 11725, 11726, 11727, 11728, 11729, 11730, 11731, 11732, 11733, 11734, 11735, 11736, 11737, 11738, 11739, 11740, 11741, 11742, 11743, 11744, 11745, 11746, 11747, 11748, 11749, 11750, 11751, 11752, 11753, 11754, 11755, 11756, 11757, 11758, 11759, 11760, 11761, 11762, 11763, 11764, 11765, 11766, 11767, 11768, 11769, 11770, 11771, 11772, 11773, 11774, 11775, 11777, 11778, 11779, 11780, 11781, 11782, 11783, 11784, 11785, 11786, 11787, 11788, 11789, 11790, 11791, 11792, 11793, 11794, 11795, 11796, 11797, 11798, 11799, 11800, 11801, 11802, 11803, 11804, 11805, 11806, 11807, 11808, 11809, 11810, 11811, 11812, 11813, 11814, 11815, 11816, 11817, 11818, 11819, 11820, 11821, 11822, 11823, 11824, 11825, 11826, 11827, 11828, 11829, 11830, 11831, 11832, 11833, 11834, 11835, 11836, 11837, 11840, 11841, 11842, 11843, 11844, 11845, 11846, 11847, 11848, 11849, 11850, 11851, 11852, 11853, 11854, 11855, 11856, 11857, 11858, 11859, 11860, 11861, 11862, 11863, 11864, 11865, 11866, 11867, 11868, 11869, 11870, 11871, 11872, 11873, 11874, 11875, 11876, 11877, 11878, 11879, 11880, 11881, 11884, 11885, 11886, 11888, 11889, 11890, 11891, 11892, 11893, 11894, 11895, 11896, 11897, 11898, 11899, 11900, 11901, 11902, 11903, 11904, 11905, 11906, 11907, 11908, 11909, 11910, 11911, 11912, 11913, 11914, 11915, 11916, 11917, 11918, 11919, 11921, 11922, 11923, 11924, 11925, 11926, 11927, 11928, 11929, 11930, 11931, 11932, 11933, 11934, 11935, 11936, 11937, 11938, 11939, 11940, 11941, 11943, 11944, 11945, 11946, 11947, 11948, 11949, 11950, 11951, 11952, 11953, 11954, 11955, 11956, 11957, 11958, 11959, 11960, 11961, 11962, 11963, 11964, 11965, 11967, 11968, 11969, 11970, 11972, 11973, 11974, 11975, 11976, 11977, 11978, 11979, 11980, 11981, 11982, 11983, 11984, 11985, 11986, 11987, 11988, 11989, 11990, 11991, 11992, 11993, 11994, 11995, 11996, 11998]"
